,p_mw,q_mvar,va_degree,vm_pu
1,250.0,258.8050586083732,-2.505870035796695,1.0498999999999998
9,650.0,230.21635396853165,-2.3446014926478806,0.9841000000000002
7,632.0,67.08476886094387,1.339720212908969,0.9972000000000002
8,508.0,149.1062275772418,-0.09717960325947457,1.0123
4,650.0,252.99790123808282,3.222641072026435,1.0493999999999999
5,560.0,209.6003663461919,6.043261835073832,1.0635999999999999
2,540.0,68.3846714162783,2.843659351151975,1.0274999999999999
3,830.0,68.96792331522084,7.269804903234741,1.0264999999999997
6,1000.0,300.0,-5.718151000772092,0.9985956442576343
