,p_mw,q_mvar
1,688.2378058030046,-152.9100756253784
