name,bus1id,bus2id,R,X,len,c_nf_per_km,max_i_ka
L1to4,1,4,0.0,68.5584,1.0,0.0,0.41837
L4to5,4,5,20.23425,109.503,1.0,352.117636,0.41837
L5to6,5,9,46.41975,202.3425,1.0,797.836164,0.251022
L3to6,3,9,0.0,69.74865,1.0,0.0,0.502044
L6to7,9,7,14.163975,119.9772,1.0,465.775861,0.251022
L7to8,7,8,10.117125,85.698,1.0,332.060303,0.41837
L 8 to 2,8,2,0.0,74.390625,1.0,0.0,0.41837
L8to9,8,6,38.088,191.63025,1.0,681.949347,0.41837
L9to4,6,4,11.9025,101.17125,1.0,392.232304,0.41837
