,p_mw,q_mvar
1,71.95470129444192,24.068957403986957
