,p_mw,q_mvar,va_degree,vm_pu
1,85.0,-3.649025547610165,4.771073237031724,1.0
2,163.0,14.460119512315543,9.668741126350904,0.9999999999999998
