,p_mw,q_mvar
1,71.95470158904033,24.06895776880873
