,p_mw,q_mvar,va_degree,vm_pu
1,85.0,-3.6490257144749307,4.771073243618984,1.0
2,163.0,14.460119251766685,9.668741105844916,1.0
