,vm_pu,va_degree,p_mw,q_mvar
1,1.0,0.0,-71.95470129444192,-24.068957403986957
2,1.0,9.668741105844916,-163.0,-14.460119251766685
3,1.0,4.771073243618984,-85.0,3.6490257144749307
4,0.9870068525970008,-2.406643909153821,0.0,0.0
5,0.9754721773641414,-4.017264316417884,90.0,30.0
6,0.9576210409032281,-4.349933564692944,125.0,50.0
7,0.9856448819161195,0.6215445606625745,100.0,35.0
8,0.9961852459629372,3.799120184022695,0.0,0.0
9,1.0033754365556171,1.9256016966589593,0.0,0.0
