,p_from_mw,q_from_mvar,p_to_mw,q_to_mvar,pl_mw,ql_mvar,i_from_ka,i_to_ka,i_ka,vm_from_pu,va_from_degree,vm_to_pu,va_to_degree,loading_percent
0,71.95470129444192,24.068957403986957,-71.95470129444192,-20.753044204627873,0.0,3.315913199359084,0.1269727754015251,0.12697277540152513,0.12697277540152513,1.0,0.0,0.9870068525970008,-2.406643909153821,30.349397758329978
1,30.7282802814442,-0.5858508924464967,-30.554685560006522,-13.687950418125677,0.17359472143767718,-14.273801310572173,0.05210954518295802,0.05743786362975562,0.05743786362975562,0.9870068525970008,-2.406643909153821,0.9754721773641414,-4.017264316417884,13.728963269296464
2,-59.445314438385765,-16.31204942137334,60.89386582826225,-12.427469643333616,1.448551389876485,-28.739519064706958,0.10575170567893438,0.10365525733684389,0.10575170567893438,0.9754721773641414,-4.017264316417884,1.0033754365556171,1.9256016966589593,42.12846112250495
3,84.99999990756496,-3.6490257144749476,-84.99999990756498,7.890678523024204,-2.842170943040401e-14,4.241652808549256,0.14237673461569839,0.14237673461569836,0.14237673461569839,1.0,4.771073243618984,1.0033754365556171,1.9256016966589593,28.359413640178627
4,24.106134240883375,4.536791082500838,-24.01064785252245,-24.40076235331307,0.09548638836092493,-19.863971270812232,0.040911231536349214,0.0581228153657024,0.0581228153657024,1.0033754365556171,1.9256016966589593,0.9856448819161195,0.6215445606625745,23.154470670181258
5,-75.98935191666301,-10.5992375728702,76.49556403415875,0.25623943121820913,0.5062121174957355,-10.342998141651991,0.13026768544017617,0.12850465500087888,0.13026768544017617,0.9856448819161195,0.6215445606625745,0.9961852459629372,3.799120184022695,31.1369566269513
6,-162.99999968995823,2.276190090546882,162.99999968995823,14.46011925176668,0.0,16.73630934231356,0.27384834216646475,0.27384834216646475,0.27384834216646475,0.9961852459629372,3.799120184022695,1.0,9.668741105844916,65.4560179186999
7,86.50443546525861,-2.5324295451900576,-84.03988668636072,-14.281982893405457,2.4645487788978926,-16.814412438595514,0.1453799688051848,0.1489685338891217,0.1489685338891217,0.9961852459629372,3.799120184022695,0.9576210409032281,-4.349933564692944,35.60688717860308
8,-40.960113098905964,-35.718016740818335,41.22642127146631,21.338895055548907,0.26630817256034334,-14.379121685269428,0.09497201293326056,0.07870826631079762,0.09497201293326056,0.9576210409032281,-4.349933564692944,0.9870068525970008,-2.406643909153821,22.700483527322838
