,p_from_mw,q_from_mvar,p_to_mw,q_to_mvar,pl_mw,ql_mvar,i_from_ka,i_to_ka,i_ka,vm_from_pu,va_from_degree,vm_to_pu,va_to_degree,loading_percent
0,1.9638026301011174e-18,2.5388051925527304e-19,5.169331435056441e-16,6.683081627520939e-17,5.188969461357453e-16,6.708469679446466e-17,5.190538490844012e-08,5.1905383498081135e-08,5.190538490844012e-08,5.506353160587131e-11,14.996073269903315,1.4494418384781132e-08,-165.0037327244572,3.6553087963690226e-05
