,vm_pu,va_degree,p_mw,q_mvar
1,1.02,0.0,-1.6476511309491069,-6.7375439851798475
2,5.506353160587131e-11,14.996073269903315,0.0,0.0
3,1.4494418384781132e-08,-165.0037327244572,0.0,0.0
