,p_hv_mw,q_hv_mvar,p_lv_mw,q_lv_mvar,pl_mw,ql_mvar,i_hv_ka,i_lv_ka,vm_hv_pu,va_hv_degree,vm_lv_pu,va_lv_degree,loading_percent
1,0.12355648828819099,0.043514070807102456,-0.12273282364068787,-0.04089498415352075,0.0008236646475031223,0.0026190866535817092,0.00756299767647622,0.1890749419119055,1.0,0.0,0.987570116999484,-0.9729780923881604,52.39798493272871
