,p_from_mw,q_from_mvar,p_to_mw,q_to_mvar,pl_mw,ql_mvar,i_from_ka,i_to_ka,i_ka,vm_from_pu,va_from_degree,vm_to_pu,va_to_degree,loading_percent
0,0.12273282364203739,0.04089498415663755,-0.12136540903483359,-0.04046675931998984,0.0013674146072037985,0.00042822483664771427,0.18907494191521673,0.18907529880957766,0.18907529880957766,0.987570116999484,-0.9729780923881604,0.9766315140692438,-0.9616596683991022,78.1302887642883
1,0.09129132504481757,0.030441175893953846,-0.09060864169442348,-0.030199197768657083,0.0006826833503940921,0.00024197812529676288,0.14222378258065702,0.14222413620562804,0.14222413620562804,0.9766315140692438,-0.9616596683991022,0.9692797652782633,-0.9702459776828946,58.77030421720168
2,0.06053342390920099,0.020173199824012625,-0.06022872984694031,-0.020065608414050494,0.00030469406226067697,0.00010759140996213085,0.09501546585865787,0.09501581709854358,0.09501581709854358,0.9692797652782633,-0.9702459776828946,0.9643682927914187,-0.9760617938799373,39.26273433824115
3,0.03015276058709545,0.010052841462682875,-0.0300763808519367,-0.010026422813580578,7.63797351587478e-05,2.6418649102296493e-05,0.04757190965662737,0.04757225972222363,0.04757225972222363,0.9643682927914187,-0.9760617938799373,0.9619092269959536,-0.9789618403692667,19.657958562902326
4,0.030074083989584968,0.010025583427334566,-0.029999999998622743,-0.0099999999997128,7.408399096222457e-05,2.558342762176702e-05,0.04685151633951798,0.04685187083744703,0.04685187083744703,0.9766315140692438,-0.9616596683991022,0.9742096877007869,-0.9644840722936833,19.360277205556624
5,0.030075217785005683,0.010025997945264622,-0.0299999999969795,-0.009999999999369534,7.521778802618492e-05,2.5997945895087776e-05,0.047208670492908625,0.04720902231620922,0.04720902231620922,0.9692797652782633,-0.9702459776828946,0.9668394771790978,-0.973113473216781,19.50786046124348
6,0.030075969260753822,0.010012766946895384,-0.029999999996140093,-0.009999999994456452,7.596926461372888e-05,1.2766952438932402e-05,0.04744390966917237,0.04744425951676366,0.04744425951676366,0.9643682927914187,-0.9760617938799373,0.9620457125022842,-0.955799479966991,19.605065916018045
7,-0.029999999994111667,-0.009999999998769821,0.03007638085189301,0.01002642281372402,7.638085778134338e-05,2.6422814954199514e-05,0.04757260886401141,0.0475722597222295,0.04757260886401141,0.9594501445277823,-0.9818735366957174,0.9619092269959536,-0.9789618403692667,19.65810283636835
