,p_mw,q_mvar
1,681.4225088354688,167.90129213063392
