,p_mw,q_mvar
1,681.8850071141286,183.32897195834377
