,p_mw,q_mvar,va_degree,vm_pu
1,250.0,184.22654308624772,-7.446132866436176,1.0499
9,650.0,150.18302975545248,0.07244649632294624,0.9841000000000001
7,632.0,47.43093487890938,0.38130630650683195,0.9971999999999999
8,508.0,140.0727066654089,-1.04262346294092,1.0123
4,650.0,230.45579750525133,2.2277729077959325,1.0493999999999999
5,560.0,197.00891718336538,5.042485329235742,1.0636
2,540.0,14.396183861592707,-1.555977928629641,1.0275000000000003
3,830.0,46.63128543130682,4.25593740227738,1.0265000000000002
6,1000.0,206.8288977860646,-14.946554500074255,1.03
