,p_from_mw,q_from_mvar,p_to_mw,q_to_mvar,pl_mw,ql_mvar,i_from_ka,i_to_ka,i_ka,vm_from_pu,va_from_degree,vm_to_pu,va_to_degree,loading_percent
0,0.3645340594242023,-13.648870372825117,-2.5212760839125156e-09,8.87312242359049e-09,0.36453405690292623,-13.648870363951994,0.12267334293766141,8.242691855432979e-11,0.12267334293766141,1.02,0.0,1.0255735510704937,-3.051467923261016,86.38967812511368
