,vm_pu,va_degree,p_mw,q_mvar
1,1.02,0.0,-0.3645340594242023,13.648870372825117
2,1.0255735510704937,-3.051467923261016,0.0,0.0
