,p_hv_mw,q_hv_mvar,p_lv_mw,q_lv_mvar,pl_mw,ql_mvar,i_hv_ka,i_lv_ka,vm_hv_pu,va_hv_degree,vm_lv_pu,va_lv_degree,loading_percent
1,0.24493442338435278,7.161196078350737,8.861154459307262e-16,1.5899523367957633e-15,0.24493442338435367,7.161196078350739,0.20279098777830387,1.1153210621141036,1.02,0.0,2.3555914132992678e-15,2.8251630561533747,154.54748942560468
