,p_from_mw,q_from_mvar,p_to_mw,q_to_mvar,pl_mw,ql_mvar,i_from_ka,i_to_ka,i_ka,vm_from_pu,va_from_degree,vm_to_pu,va_to_degree,loading_percent
0,-6.425542817616384e-23,-8.307123558187461e-24,3.0355240720147963e-16,3.9244248967407104e-17,3.0355234294605143e-16,3.9244240660283546e-17,3.969983056598724e-08,3.9699829479046795e-08,3.969983056598724e-08,2.3555914132992678e-15,2.8251630561533747,1.1128172734493103e-08,2.825200233250184,2.795762715914595e-05
