,vm_pu,va_degree,p_mw,q_mvar
1,1.0499,2.5154826109046846,-250.0,-399.34632721681663
2,0.982,0.0,-305.80594707260025,423.6797143933451
3,1.0058069794883682,-7.232694579687178,97.6,44.2
4,1.02327998710661,-10.005673509875367,104.0,-50.0
