id,bus,vmPU,vaD,pos,orient,hand
2,2,0.6376811594202898,0.785,"[1184, 672]",0,"[1184, 672]"
3,3,0.5,28.64788975654116,"[960, 448]",-90,"[960, 448]"
