id,bus,vmPU,vaD,pos,orient,hand
2,2,0.6376811594202898,0.785,"[1152, 672]",0,"[1152, 672]"
3,3,0.5,28.64788975654116,"[928, 448]",-90,"[928, 448]"
