,p_from_mw,q_from_mvar,p_to_mw,q_to_mvar,pl_mw,ql_mvar,i_from_ka,i_to_ka,i_ka,vm_from_pu,va_from_degree,vm_to_pu,va_to_degree,loading_percent
0,0.10539239158208191,0.0506961147365264,-0.10000000026292756,-0.04999999564431822,0.005392391319154352,0.0006961190922081806,0.1673253316080526,0.16732599331875536,0.16732599331875536,1.0088427233990773,-150.76012572622568,0.9644305730336584,-149.88414149478572,117.83520656250379
