,p_hv_mw,q_hv_mvar,p_lv_mw,q_lv_mvar,pl_mw,ql_mvar,i_hv_ka,i_lv_ka,vm_hv_pu,va_hv_degree,vm_lv_pu,va_lv_degree,loading_percent
0,0.10726539130616725,0.05267519443743421,-0.10539239193862338,-0.050696118250295304,0.0018729993675438705,0.001979076187138905,0.0033820616859878095,0.16732533424695192,1.02,0.0,1.0088427233990773,-150.76012572622568,29.28951337231472
