,vm_pu,va_degree,p_mw,q_mvar
1,1.02,0.0,-0.10726539130616725,-0.05267519443743421
2,1.0088427233990773,-150.76012572622568,0.0,0.0
3,0.9644305730336584,-149.88414149478572,0.1,0.05
