,p_hv_mw,q_hv_mvar,p_lv_mw,q_lv_mvar,pl_mw,ql_mvar,i_hv_ka,i_lv_ka,vm_hv_pu,va_hv_degree,vm_lv_pu,va_lv_degree,loading_percent
1,1.6476511307690673,6.737543984851546,1.8003895856644735e-10,3.2830159240488494e-10,1.6476511309491062,6.7375439851798475,0.19630145240841126,9.814836556784918,1.02,0.0,5.506353160587131e-11,14.996073269903315,1700.0204458546611
