name,bus1id,bus2id,R,X,len,c_nf_per_km,max_i_ka
1-39,1,4,1.19025,29.75625,1.0,1671.44447691552,1.67347904112935
1-2,1,2,4.165875,48.919275,1.0,1557.11767469449,1.00408742467761
2-3,2,17,1.547325,17.972775,1.0,573.194025950227,0.83673952056468
2-25,2,18,8.33175,10.23615,1.0,325.374524839554,0.83673952056468
3-4,17,10,1.547325,25.352325,1.0,493.41040958546,0.83673952056468
3-18,17,20,1.309275,15.830325,1.0,476.473105552716,0.83673952056468
4-5,10,9,0.9522,15.2352,1.0,299.077131736083,1.00408742467761
4-14,10,15,0.9522,15.354225,1.0,307.991502279632,0.83673952056468
