,p_hv_mw,q_hv_mvar,p_lv_mw,q_lv_mvar,pl_mw,ql_mvar,i_hv_ka,i_lv_ka,vm_hv_pu,va_hv_degree,vm_lv_pu,va_lv_degree,loading_percent
1,0.10587082416838077,0.05265392433221084,-0.10539208953026835,-0.05069587438811711,0.00047873463811241856,0.00195804994409373,0.00334641167027563,0.16732058351378143,1.02,0.0,1.0088681047151802,-0.7544911339761002,28.9807751797941
