,p_from_mw,q_from_mvar,p_to_mw,q_to_mvar,pl_mw,ql_mvar,i_from_ka,i_to_ka,i_ka,vm_from_pu,va_from_degree,vm_to_pu,va_to_degree,loading_percent
0,0.10539208953648524,0.050695874379947985,-0.09999999995073489,-0.04999999997626247,0.005392089585750354,0.0006958744036855147,0.16732058351673051,0.1673213775899665,0.1673213775899665,1.0088681047151802,-0.7544911339761002,0.9644571921258737,0.12144466151888395,117.83195604927221
