,vm_pu,va_degree,p_mw,q_mvar
1,1.02,0.0,-0.10587082422386276,-0.052653924347779255
2,1.0088681047151802,-0.7544911339761002,0.0,0.0
3,0.9644571921258737,0.12144466151888395,0.1,0.05
